OBJECTNUMMER;Soort;Prijs_per_gebruik;Dagen_geopend;Openingstijden;Omschrijving;Foto;SELECTIE;WKT_LNG_LAT;WKT_LAT_LNG;LNG;LAT;
3;"Amsterdamse krul (m)";0;"";"24 uur";"Singel tov Bloemenmarkt";"IMG_8829.jpg";"KRUL";"POINT(4.8901005,52.3672732)";"POINT(52.3672732,4.8901005)";4.8901005;52.3672732;
4;"Openbaar toilet, toegankelijk voor mindervaliden (m/v)";0.50;"di - do - ma - vr - wo - za - zo";"24 uur per dag";"Koningsplein";"IMG_8832.jpg";"TOEGANG";"POINT(4.8891493,52.3674761)";"POINT(52.3674761,4.8891493)";4.8891493;52.3674761;
5;"Urilift (m)";0;"";"do - za: 15.30 tot 18.00";"Urilift, overdag niet beschikbaar";"reguliersdwarsstraat.JPG";"URILIFT";"POINT(4.8922245,52.3662379)";"POINT(52.3662379,4.8922245)";4.8922245;52.3662379;
115;"Seizoen (m/v)";0;"";"";"";"";"SEIZOEN";"POINT(4.850387,52.344274)";"POINT(52.344274,4.850387)";4.850387;52.344274;
116;"Seizoen (m/v)";0;"";"";"";"";"SEIZOEN";"POINT(4.904739,52.337884)";"POINT(52.337884,4.904739)";4.904739;52.337884;
117;"Seizoen (m/v)";0;"";"";"";"";"SEIZOEN";"POINT(4.859902,52.3569396)";"POINT(52.3569396,4.859902)";4.859902;52.3569396;
118;"Seizoen (m/v)";0;"";"";"";"";"SEIZOEN";"POINT(4.865143,52.356113)";"POINT(52.356113,4.865143)";4.865143;52.356113;
119;"Seizoen (m/v)";0;"";"";"";"";"SEIZOEN";"POINT(4.875723,52.3598552)";"POINT(52.3598552,4.875723)";4.875723;52.3598552;
120;"Seizoen (m/v)";0;"";"";"Sloterstrand";"";"SEIZOEN";"POINT(4.823624,52.371715)";"POINT(52.371715,4.823624)";4.823624;52.371715;
128;"Openbaar toilet (m/v)";0;"";"";"";"";"OPENBAAR";"POINT(4.894844,52.32908)";"POINT(52.32908,4.894844)";4.894844;52.32908;
129;"Openbaar toilet (m/v)";0;"";"";"";"";"OPENBAAR";"POINT(4.893257,52.331949)";"POINT(52.331949,4.893257)";4.893257;52.331949;
130;"Seizoen (m/v)";0;"";"";"";"";"SEIZOEN";"POINT(4.871857,52.358138)";"POINT(52.358138,4.871857)";4.871857;52.358138;
131;"Seizoen (m/v)";0;"";"";"";"";"SEIZOEN";"POINT(4.8738976,52.3593411)";"POINT(52.3593411,4.8738976)";4.8738976;52.3593411;
133;"Seizoen (m/v)";0;"";"";"";"";"SEIZOEN";"POINT(4.86228,52.356173)";"POINT(52.356173,4.86228)";4.86228;52.356173;
134;"Onzeker";0;"";"";"seizoensgebonden";"";"ONZEKER";"POINT(4.85584,52.355803)";"POINT(52.355803,4.85584)";4.85584;52.355803;
137;"Amsterdamse krul (m)";0;"";"24 uur";"Oudekerkplein Zuidzijde";"IMG_9103.jpg";"KRUL";"POINT(4.898222,52.3738954)";"POINT(52.3738954,4.898222)";4.898222;52.3738954;
142;"Amsterdamse krul (m)";0;"";"24 uur";"Singel tov 43";"IMG_9031.jpg";"KRUL";"POINT(4.892418,52.377073)";"POINT(52.377073,4.892418)";4.892418;52.377073;
147;"Amsterdamse krul (m)";0;"di - do - ma - vr - wo - za - zo";"24 uur per dag";"Westermarkt Prinsengracht - twee krullen";"IMG_9022.jpg";"KRUL";"POINT(4.884913,52.374489)";"POINT(52.374489,4.884913)";4.884913;52.374489;
149;"Amsterdamse krul (m)";0;"";"24 uur";"Singel / Raadhuisstraat";"IMG_9027.jpg";"KRUL";"POINT(4.889056,52.37305)";"POINT(52.37305,4.889056)";4.889056;52.37305;
150;"Amsterdamse krul (m)";0;"";"24 uur";"Singel tov 167";"IMG_9030.jpg";"KRUL";"POINT(4.889527,52.374247)";"POINT(52.374247,4.889527)";4.889527;52.374247;
151;"Amsterdamse krul (m)";0;"";"24 uur";"Singel tov 311";"IMG_9025.jpg";"KRUL";"POINT(4.888366,52.370387)";"POINT(52.370387,4.888366)";4.888366;52.370387;
153;"Amsterdamse krul (m)";0;"";"24 uur";"Brouwersgracht / Singel nabij Singelsluis";"IMG_9016.JPG";"KRUL";"POINT(4.894056,52.378976)";"POINT(52.378976,4.894056)";4.894056;52.378976;
156;"Amsterdamse krul (m)";0;"";"24 uur";"Oudekerkplein noordzijde";"IMG_9100.jpg";"KRUL";"POINT(4.898927,52.3744599)";"POINT(52.3744599,4.898927)";4.898927;52.3744599;
158;"Amsterdamse krul (m)";0;"";"24 uur";"Oudezijds Achterburgwal tov 78";"IMG_9105.jpg";"KRUL";"POINT(4.898614,52.373171)";"POINT(52.373171,4.898614)";4.898614;52.373171;
159;"Amsterdamse krul (m)";0;"";"24 uur";"Oudezijds Achterburgwal / Brandesteeg";"IMG_9106.jpg";"KRUL";"POINT(4.898165,52.372594)";"POINT(52.372594,4.898165)";4.898165;52.372594;
160;"Amsterdamse krul (m)";0;"";"24 uur";"Oudezijds Voorburgwal, Prinsenhof / Hotel The Grand";"IMG_9108.jpg";"KRUL";"POINT(4.895535,52.37145)";"POINT(52.37145,4.895535)";4.895535;52.37145;
161;"Amsterdamse krul (m)";0;"";"24 uur";"Nieuwe Spiegelgracht - Keizersgracht";"IMG_8834.JPG";"KRUL";"POINT(4.889741,52.364344)";"POINT(52.364344,4.889741)";4.889741;52.364344;
162;"Amsterdamse krul (m)";0;"";"24 uur";"Utrechtse straat";"IMG_8818.jpg";"KRUL";"POINT(4.8985926,52.3639066)";"POINT(52.3639066,4.8985926)";4.8985926;52.3639066;
163;"Amsterdamse krul (m), verdwenen";0;"di - do - ma - vr - wo - za - zo";"24 uur per dag";"Prinsengracht 436, dubbele krul  Tijdelijk weggehaald vanwege werkzaamheden (januari 2020)";"IMG_8843.jpg";"VERDWENEN";"POINT(4.883872,52.365272)";"POINT(52.365272,4.883872)";4.883872;52.365272;
164;"Amsterdamse krul (m)";0;"di - do - ma - vr - wo - za - zo";"24 uur per dag";"Lindengracht";"IMG_8981.jpg";"KRUL";"POINT(4.880669,52.379629)";"POINT(52.379629,4.880669)";4.880669;52.379629;
166;"Amsterdamse krul (m)";0;"";"24 uur";"Eerste Hugo de Groot / Nassaukade";"IMG_8979.jpg";"KRUL";"POINT(4.875986,52.375628)";"POINT(52.375628,4.875986)";4.875986;52.375628;
167;"Amsterdamse krul (m)";0;"";"24 uur";"Marnixstraat - Elandsgracht tov bureau van Politie";"IMG_8976.jpg";"KRUL";"POINT(4.877079,52.368757)";"POINT(52.368757,4.877079)";4.877079;52.368757;
169;"Amsterdamse krul (m), verdwenen";0;"";"";"tijdelijk verwijderd ivm herinrichting Kleine Gartmanplantsoen";"IMG_8840.jpg";"VERDWENEN";"POINT(4.8840023,52.3630628)";"POINT(52.3630628,4.8840023)";4.8840023;52.3630628;
170;"Amsterdamse krul (m)";0;"";"24 uur";"Lijnbaansgracht 282";"IMG_8836.jpg";"KRUL";"POINT(4.8864077,52.3619656)";"POINT(52.3619656,4.8864077)";4.8864077;52.3619656;
171;"Amsterdamse krul (m)";0;"di - do - ma - vr - wo - za - zo";"24 uur per dag";"Amstelveld";"IMG_8819.jpg";"KRUL";"POINT(4.8961987,52.3620561)";"POINT(52.3620561,4.8961987)";4.8961987;52.3620561;
172;"Amsterdamse krul (m)";0;"";"24 uur";"Marnixplantsoen, nabij brug";"IMG_9020.jpg";"KRUL";"POINT(4.8801871,52.3812841)";"POINT(52.3812841,4.8801871)";4.8801871;52.3812841;
174;"Amsterdamse krul (m)";0;"";"";"Nieuwe Achtergracht";"IMG_8930.jpg";"KRUL";"POINT(5.0E-6,-7.0E-6)";"POINT(-7.0E-6,5.0E-6)";5.0E-6;-7.0E-6;
175;"Openbaar toilet (m/v)";0;"";"Geopend in de lente en (na) zomer, bij m";"nabij het pierenbadje";"vondelpark01.JPG";"OPENBAAR";"POINT(4.865599,52.358551)";"POINT(52.358551,4.865599)";4.865599;52.358551;
176;"Openbaar toilet (m/v)";0;"";"Geopend in de lente en (na) zomer, bij m";"nabij openluchtheater";"vondelpark02.JPG";"OPENBAAR";"POINT(4.871441,52.358568)";"POINT(52.358568,4.871441)";4.871441;52.358568;
179;"Amsterdamse krul (m)";0;"";"24 uur";"Ruysdaelkade / Govert Flinckstraat";"IMG_8969.jpg";"KRUL";"POINT(4.886994,52.354033)";"POINT(52.354033,4.886994)";4.886994;52.354033;
180;"Amsterdamse krul (m)";0;"";"24 uur per dag";"Hobbemakade /  Honthorsstraat - Brandweerkazerne";"IMG_8936.jpg";"KRUL";"POINT(4.886438,52.35776)";"POINT(52.35776,4.886438)";4.886438;52.35776;
181;"Amsterdamse krul (m)";0;"di - do - ma - vr - wo - za - zo";"24 uur per dag";"Naast het Concertgebouw";"IMG_8972.jpg";"KRUL";"POINT(4.8784891,52.3556197)";"POINT(52.3556197,4.8784891)";4.8784891;52.3556197;
183;"Amsterdamse krul (m)";0;"";"24 uur";"Herenmarkt / Brouwersgracht";"IMG_9017.JPG";"KRUL";"POINT(4.891672,52.379406)";"POINT(52.379406,4.891672)";4.891672;52.379406;
187;"Amsterdamse krul (m)";0;"di - do - ma - vr - wo - za - zo";"24 uur per dag";"Kadijksplein ";"kadijksplein.JPG";"KRUL";"POINT(4.9117,52.370213)";"POINT(52.370213,4.9117)";4.9117;52.370213;
188;"Amsterdamse krul (m)";0;"di - do - ma - vr - wo - za - zo";"24 uur per dag";"Kerklaan, nabij ingang Artis";"artis.JPG";"KRUL";"POINT(4.913131,52.3676791)";"POINT(52.3676791,4.913131)";4.913131;52.3676791;
189;"Amsterdamse krul (m)";0;"di - do - ma - vr - wo - za - zo";"24 uur per dag";"Plantage Middenlaan";"artis_PlantageMiddenlaan.JPG";"KRUL";"POINT(4.918444,52.364263)";"POINT(52.364263,4.918444)";4.918444;52.364263;
190;"Amsterdamse krul (m)";0;"";"24 uur";"Oosterpark";"IMG_20190220_125412.jpg";"KRUL";"POINT(4.919499,52.360286)";"POINT(52.360286,4.919499)";4.919499;52.360286;
191;"Amsterdamse krul (m), verdwenen";0;"";"";"";"";"VERDWENEN";"POINT(4.917919,52.358302)";"POINT(52.358302,4.917919)";4.917919;52.358302;
193;"Amsterdamse krul (m), verdwenen";0;"";"";"niet aanwezig, waarschijnlijk weg na herinrichting park";"";"VERDWENEN";"POINT(4.92365,52.361992)";"POINT(52.361992,4.92365)";4.92365;52.361992;
194;"Amsterdamse krul (m)";0;"";"24 uur";"Derde kostverlorenkade / Vosmaerstraat";"Kostverlorenkade.JPG";"KRUL";"POINT(4.856361,52.3593562)";"POINT(52.3593562,4.856361)";4.856361;52.3593562;
198;"Openbaar toilet (m/v)";0;"";"Zie http://parkkiosk.nl/";"Toilet bij kiosk, beheerd door de gemeente";"beatrixpark.JPG";"OPENBAAR";"POINT(4.88422,52.343586)";"POINT(52.343586,4.88422)";4.88422;52.343586;
199;"Amsterdamse krul (m)";0;"";"";"Meeuwenlaan / Hamerstraat";"15505002048947976083692405215953.jpg";"KRUL";"POINT(4.9221596,52.3859899)";"POINT(52.3859899,4.9221596)";4.9221596;52.3859899;
200;"Openbaar toilet, toegankelijk voor mindervaliden (m/v)";0;"di - do - ma - vr - wo - za - zo";"Alleen open als pierenbadje ook open is vanaf 24°C.";"Openbaar toilet bij het pierenbadje. Gerenoveerd in 2019";"15504996584588417992438976311472.jpg";"TOEGANG";"POINT(4.9226885,52.3903193)";"POINT(52.3903193,4.9226885)";4.9226885;52.3903193;
203;"Openbaar toilet, toegankelijk voor mindervaliden (m/v)";0.50;"di - do - ma - vr - wo - za - zo";"24 uur per dag";"Waterlooplein, op de markt ";"IMG_8873.jpg";"TOEGANG";"POINT(4.901691,52.368393)";"POINT(52.368393,4.901691)";4.901691;52.368393;
210;"Urilift (m)";0;"";"do - zo: 15.30 - 18.00 uur en 21.00 tot 07.00 de volgende ochtend";"Urilift, overdag niet beschikbaar";"IMG_8823.jpg";"URILIFT";"POINT(4.895913,52.3652039)";"POINT(52.3652039,4.895913)";4.895913;52.3652039;
211;"Urilift (m)";0;"";"do - zo: 15.30 - 18.00";"Urilift, overdag niet beschikbaar";"IMG_8817.jpg";"URILIFT";"POINT(4.896845,52.3661287)";"POINT(52.3661287,4.896845)";4.896845;52.3661287;
212;"Urilift (m)";0;"";"donderdag - za; 15.30 - 18.00";"Urilift, overdag niet beschikbaar";"IMG_8828.jpg";"URILIFT";"POINT(4.8954766,52.3670594)";"POINT(52.3670594,4.8954766)";4.8954766;52.3670594;
213;"Urilift (m)";0;"";"do - za : 15.30 - 18.00";"Urilift, overdag niet beschikbaar";"IMG_8815.jpg";"URILIFT";"POINT(4.900125,52.366562)";"POINT(52.366562,4.900125)";4.900125;52.366562;
214;"Onzeker";0;"";"";"";"";"ONZEKER";"POINT(4.966028,52.373385)";"POINT(52.373385,4.966028)";4.966028;52.373385;
217;"Onzeker";0;"";"";"";"";"ONZEKER";"POINT(4.845586,52.366182)";"POINT(52.366182,4.845586)";4.845586;52.366182;
218;"Urilift (m)";0;"";"do - zo: 15.30 - 18.00 uur en 20l.00 - 07.00 volgende ochtend";"Urilift, overdag niet beschikbaar";"IMG_8841.jpg";"URILIFT";"POINT(4.882882,52.3638575)";"POINT(52.3638575,4.882882)";4.882882;52.3638575;
219;"Amsterdamse krul (m)";0;"";"";"";"IMG_8813.jpg";"KRUL";"POINT(5.0E-6,-7.0E-6)";"POINT(-7.0E-6,5.0E-6)";5.0E-6;-7.0E-6;
220;"Onzeker";0;"";"";"Strand IJburg is niet meer. Onzeker";"";"ONZEKER";"POINT(5.0198986,52.3549425)";"POINT(52.3549425,5.0198986)";5.0198986;52.3549425;
224;"Onzeker";0;"";"";"";"";"ONZEKER";"POINT(4.9941924,52.3024888)";"POINT(52.3024888,4.9941924)";4.9941924;52.3024888;
225;"Onzeker";0;"";"";"";"";"ONZEKER";"POINT(5.0042775,52.3058739)";"POINT(52.3058739,5.0042775)";5.0042775;52.3058739;
226;"Overig urinoir (m)";0;"di - do - ma - vr - wo - za - zo";"24 uur per dag";"";"Urinoir Amstelpark.JPG";"OVERIG";"POINT(4.8934875,52.3244343)";"POINT(52.3244343,4.8934875)";4.8934875;52.3244343;
228;"Amsterdamse krul (m)";0;"di - do - ma - vr - wo - za - zo";"";"Buiksloterwegveer";"15504979726392887865421236777614.jpg";"KRUL";"POINT(4.9035317,52.382193)";"POINT(52.382193,4.9035317)";4.9035317;52.382193;
229;"Openbaar toilet, toegankelijk voor mindervaliden (m/v)";0.50;"";"24 uur per dag";"Leidseplein";"_IMG7221V3.jpg";"TOEGANG";"POINT(4.8820277,52.3634865)";"POINT(52.3634865,4.8820277)";4.8820277;52.3634865;
230;"Openbaar toilet, toegankelijk voor mindervaliden (m/v)";0.50;"di - do - ma - vr - wo - za - zo";"24 uur per dag";"Leidse Bosje";"IMG_8973.jpg";"TOEGANG";"POINT(4.8813518,52.3625169)";"POINT(52.3625169,4.8813518)";4.8813518;52.3625169;
234;"Gewenst toilet";0;"";"";"";"";"GEWENST";"POINT(4.9237575,52.3924612)";"POINT(52.3924612,4.9237575)";4.9237575;52.3924612;
237;"Openbaar toilet (m/v)";0;"di - do - ma - vr - wo - za - zo";"";"Toilet van het Bostheater";"";"OPENBAAR";"POINT(4.8262539,52.3213268)";"POINT(52.3213268,4.8262539)";4.8262539;52.3213268;
238;"Openbaar toilet (m/v)";0;"di - do - ma - vr - wo - za - zo";"Geopend overdag, van 1 maart tot 1 november. In maart, april, september en oktober alleen in de weekenden, van mei t/m augustus de hele week. Bij mooi weer ook &#096;s avonds geopend.";"";"";"OPENBAAR";"POINT(4.8221072,52.3166049)";"POINT(52.3166049,4.8221072)";4.8221072;52.3166049;
239;"Openbaar toilet (m/v)";0;"di - do - ma - vr - wo - za - zo";"Geopend overdag, van 1 maart tot 1 november. In maart, april, september en oktober alleen in de weekenden, van mei t/m augustus de hele week. Bij mooi weer ook &#096;s avonds geopend.";"";"";"OPENBAAR";"POINT(4.8166248,52.3061625)";"POINT(52.3061625,4.8166248)";4.8166248;52.3061625;
240;"Openbaar toilet (m/v)";0;"di - do - ma - vr - wo - za - zo";"Geopend overdag, van 1 maart tot 1 november. In maart, april, september en oktober alleen in de weekenden, van mei t/m augustus de hele week. Bij mooi weer ook &#096;s avonds geopend.";"";"";"OPENBAAR";"POINT(4.848586,52.3243269)";"POINT(52.3243269,4.848586)";4.848586;52.3243269;
241;"Openbaar toilet (m/v)";0;"di - do - ma - vr - wo - za - zo";"Geopend overdag, van 1 maart tot 1 november. In maart, april, september en oktober alleen in de weekenden, van mei t/m augustus de hele week. Bij mooi weer ook &#096;s avonds geopend.";"";"";"OPENBAAR";"POINT(4.8323049,52.3225465)";"POINT(52.3225465,4.8323049)";4.8323049;52.3225465;
244;"Gewenst toilet";0;"";"";"";"";"GEWENST";"POINT(4.8213293,52.3799672)";"POINT(52.3799672,4.8213293)";4.8213293;52.3799672;
245;"Gewenst toilet";0;"";"";"";"";"GEWENST";"POINT(4.8292687,52.3779762)";"POINT(52.3779762,4.8292687)";4.8292687;52.3779762;
246;"Openbaar toilet (m/v)";0.50;"di - do - ma - vr - wo - za - zo";"24 uur per dag";"Beursplein, Fietsenstalling ";"IMG_9109.jpg";"OPENBAAR";"POINT(4.8950833,52.3740498)";"POINT(52.3740498,4.8950833)";4.8950833;52.3740498;
247;"Toilet in parkeergarage (m/v)";0;"di - do - ma - vr - wo - za - zo";"";"Arena, P+R";"";"PARKEER";"POINT(4.9407446,52.313939)";"POINT(52.313939,4.9407446)";4.9407446;52.313939;
248;"Toilet in parkeergarage (m/v)";0;"di - do - ma - vr - wo - za - zo";"24 uur per dag";"P+R (alleen voor parkeerders)";"";"PARKEER";"POINT(4.8454227,52.3790543)";"POINT(52.3790543,4.8454227)";4.8454227;52.3790543;
249;"Toilet in parkeergarage (m/v)";0;"di - do - ma - vr - wo - za - zo";"24 uur per dag";"Rai, P+R (alleen voor parkeerders)";"";"PARKEER";"POINT(4.8897795,52.3397914)";"POINT(52.3397914,4.8897795)";4.8897795;52.3397914;
250;"Toilet in parkeergarage (m/v)";0;"";"24 uur per dag";"P+R (alleen voor parkeerders)";"";"PARKEER";"POINT(4.8384567,52.3900274)";"POINT(52.3900274,4.8384567)";4.8384567;52.3900274;
251;"Toilet in parkeergarage (m/v)";0;"di - do - ma - vr - wo - za - zo";"24 uur per dag";"Olympisch Stadion, P+R (alleen voor parkeerders)";"";"PARKEER";"POINT(4.8551749,52.3442985)";"POINT(52.3442985,4.8551749)";4.8551749;52.3442985;
259;"Urilift (m)";0;"";"do - zo: 15.30 - 18.00 / 20.00 - 07.00 - 09.00 volgende ochtend ";"Urilift, overdag niet beschikbaar";"IMG_8842.jpg";"URILIFT";"POINT(4.8830128,52.3639823)";"POINT(52.3639823,4.8830128)";4.8830128;52.3639823;
261;"Overig urinoir (m)";0;"di - do - ma - vr - wo - za - zo";"24 uur per dag";"Buikslotermeerplein / Het Breed, Taxistandplaats";"Screenshot_20190218_145610.jpg";"OVERIG";"POINT(4.9363341,52.3979671)";"POINT(52.3979671,4.9363341)";4.9363341;52.3979671;
262;"Toilet in parkeergarage (m/v)";0;"di - do - ma - vr - wo - za - zo";"24 uur per dag";"Willemspoort, Parkeergarage (alleen voor parkeerders)";"";"PARKEER";"POINT(4.8844941,52.3849388)";"POINT(52.3849388,4.8844941)";4.8844941;52.3849388;
263;"Toilet in parkeergarage (m/v)";0;"di - do - ma - vr - wo - za - zo";"24 uur per dag";"Parkeergarage (alleen voor parkeerders)";"";"PARKEER";"POINT(4.9142123,52.3780757)";"POINT(52.3780757,4.9142123)";4.9142123;52.3780757;
264;"Toilet in parkeergarage (m/v)";0;"di - do - ma - vr - wo - za - zo";"24 uur per dag";"Parkeergarage (alleen voor parkeerders)";"";"PARKEER";"POINT(4.9085967,52.3697964)";"POINT(52.3697964,4.9085967)";4.9085967;52.3697964;
265;"Toilet in parkeergarage (m/v)";0;"di - do - ma - vr - wo - za - zo";"24 uur per dag";"Amstel 1, Parkeergarage (alleen voor parkeerders)";"";"PARKEER";"POINT(4.9011132,52.367343)";"POINT(52.367343,4.9011132)";4.9011132;52.367343;
266;"Toilet in parkeergarage (m/v)";0;"";"24 uur per dag";"De Banne, Parkeergarage (alleen voor parkeerders)";"";"PARKEER";"POINT(4.916837,52.4078916)";"POINT(52.4078916,4.916837)";4.916837;52.4078916;
267;"Toilet in parkeergarage (m/v)";0;"";"";"Parkeergarage ";"";"PARKEER";"POINT(4.9414335,52.3103586)";"POINT(52.3103586,4.9414335)";4.9414335;52.3103586;
268;"Toilet in parkeergarage (m/v)";0;"";"";"Parkeergarage ";"";"PARKEER";"POINT(4.9456953,52.3117357)";"POINT(52.3117357,4.9456953)";4.9456953;52.3117357;
269;"Toilet in parkeergarage (m/v)";0;"";"";"Parkeergarage ";"";"PARKEER";"POINT(4.9384567,52.3118156)";"POINT(52.3118156,4.9384567)";4.9384567;52.3118156;
276;"Openbaar toilet (m/v)";0;"di - do - ma - vr - wo - za - zo";"24 uur per dag";"Fietsentstalling Paradiso";"IMG_8837.jpg";"OPENBAAR";"POINT(4.883717,52.3623685)";"POINT(52.3623685,4.883717)";4.883717;52.3623685;
277;"Urilift (m)";0;"";"do - za: 15.30 - 18.00 uur";"Weteringschans, Urilift";"IMG_8838.jpg";"URILIFT";"POINT(4.8837277,52.3623161)";"POINT(52.3623161,4.8837277)";4.8837277;52.3623161;
286;"Openbaar toilet (m/v)";0;"di - do - ma - vr - wo - za - zo";"Geopend overdag, van 1 maart tot 1 november. In maart, april, september en oktober alleen in de weekenden, van mei t/m augustus de hele week. Bij mooi weer ook &#096;s avonds geopend.";"";"";"OPENBAAR";"POINT(4.8272194,52.3201859)";"POINT(52.3201859,4.8272194)";4.8272194;52.3201859;
288;"Openbaar toilet, toegankelijk voor mindervaliden (m/v)";0.50;"di - do - ma - vr - wo - za - zo";"24 uur per dag";"Sarphatipark.";"";"TOEGANG";"POINT(4.8948653,52.3541525)";"POINT(52.3541525,4.8948653)";4.8948653;52.3541525;
289;"Gewenst toilet";0;"";"";"Sloterstrand";"";"GEWENST";"POINT(4.8227315,52.3717674)";"POINT(52.3717674,4.8227315)";4.8227315;52.3717674;
290;"Amsterdamse krul (m), verdwenen";0;"";"";"";"";"VERDWENEN";"POINT(4.9248414,52.3600938)";"POINT(52.3600938,4.9248414)";4.9248414;52.3600938;
292;"Amsterdamse krul (m)";0;"";"24 uur";"Haarlemmerplein";"haarlememerplein.JPG";"KRUL";"POINT(4.8836823,52.3843261)";"POINT(52.3843261,4.8836823)";4.8836823;52.3843261;
293;"Amsterdamse krul (m)";0;"";"24 uur";"Dorpsweg Ransdorp naast bushalte kerk";"ransdorp.JPG";"KRUL";"POINT(4.9939308,52.3932058)";"POINT(52.3932058,4.9939308)";4.9939308;52.3932058;
294;"Amsterdamse krul (m)";0;"";"24 uur";"Dorpsstraat Holysloot - naast bushalte Kerk";"holysloot.JPG";"KRUL";"POINT(5.0251417,52.4132136)";"POINT(52.4132136,5.0251417)";5.0251417;52.4132136;
295;"Amsterdamse krul (m)";0;"";"24";"Wijkergouw / Schellingwoude Kerk";"WijkergouwKerkSchellingwoude.JPG";"KRUL";"POINT(4.9651542,52.383637)";"POINT(52.383637,4.9651542)";4.9651542;52.383637;
296;"Overig urinoir (m)";0;"";"24 uur";"Beemesterstraat / IJdoornlaan";"IJDoornlaan_Beemsterstraat.JPG";"OVERIG";"POINT(4.951281,52.3972997)";"POINT(52.3972997,4.951281)";4.951281;52.3972997;
298;"Amsterdamse krul (m)";0;"";"24 uur";"Nieuwe Keizersgracht / Weesperstraat";"IMG_8813.jpg";"KRUL";"POINT(4.9051671,52.3652578)";"POINT(52.3652578,4.9051671)";4.9051671;52.3652578;
299;"Amsterdamse krul (m)";0;"";"24 uur";"Nieuwe Achtergracht / Roetersstraat";"nieuweprinsengrachtRoetersstraat.jpg";"KRUL";"POINT(4.9108828,52.3632137)";"POINT(52.3632137,4.9108828)";4.9108828;52.3632137;
300;"Amsterdamse krul (m)";0;"";"24 uur";"Nieuwmarkt / Geldersekade";"geldersekadeNieuwmarkt.jpg";"KRUL";"POINT(4.900597,52.3732518)";"POINT(52.3732518,4.900597)";4.900597;52.3732518;
301;"Amsterdamse krul (m), verdwenen";0;"";"";"";"";"VERDWENEN";"POINT(4.9042822,52.3750072)";"POINT(52.3750072,4.9042822)";4.9042822;52.3750072;
302;"Amsterdamse krul (m), verdwenen";0;"";"";"";"";"VERDWENEN";"POINT(4.848505,52.3469737)";"POINT(52.3469737,4.848505)";4.848505;52.3469737;
303;"Amsterdamse krul (m), verdwenen";0;"";"";"";"";"VERDWENEN";"POINT(4.9073329,52.3612112)";"POINT(52.3612112,4.9073329)";4.9073329;52.3612112;
304;"Amsterdamse krul (m), verdwenen";0;"";"";"";"";"VERDWENEN";"POINT(4.8500251,52.3730986)";"POINT(52.3730986,4.8500251)";4.8500251;52.3730986;
305;"Toilet in parkeergarage (m/v)";0.50;"di - do - ma - vr - wo - za - zo";"24 uur per dag ";"P+R Zeeburg";"P en R Zeeburg.jpg";"PARKEER";"POINT(4.9593508,52.3721005)";"POINT(52.3721005,4.9593508)";4.9593508;52.3721005;
308;"Onzeker";0;"";"";"toilet in voorbereiding, projectleider Roy van Gelder";"";"ONZEKER";"POINT(4.8775363,52.3689438)";"POINT(52.3689438,4.8775363)";4.8775363;52.3689438;
309;"Onzeker";0;"";"";"toilet in voorbereiding, projectleider Roy van Gelder";"";"ONZEKER";"POINT(4.8957968,52.3660286)";"POINT(52.3660286,4.8957968)";4.8957968;52.3660286;
310;"Openbaar toilet, toegankelijk voor mindervaliden (m/v)";0;"di - do - ma - vr - wo";"Alle werkdagen geopend van 08:00 tot 18:00 uur en op donderdagen tot 20:00 uur.";"Stadsloket";"images4.persgroep.net.jpg";"TOEGANG";"POINT(4.9008357,52.3678764)";"POINT(52.3678764,4.9008357)";4.9008357;52.3678764;
311;"Openbaar toilet, toegankelijk voor mindervaliden (m/v)";0;"";"Alle werkdagen geopend van 08:00 tot 18:00 uur en op donderdagen tot 20:00 uur.";"Stadsloket";"25473-160906-stadsloket-stadsdeel-noord_AN-6396.jpg";"TOEGANG";"POINT(4.9330607,52.4010499)";"POINT(52.4010499,4.9330607)";4.9330607;52.4010499;
312;"Openbaar toilet, toegankelijk voor mindervaliden (m/v)";0;"di - do - ma - vr - wo";"Alle werkdagen geopend van 08:00 tot 18:00 uur en op donderdagen tot 20:00 uur.";"Stadsloket";"stadsloket-langer-open-1-300x194.jpg";"TOEGANG";"POINT(4.9308982,52.356714)";"POINT(52.356714,4.9308982)";4.9308982;52.356714;
313;"Openbaar toilet, toegankelijk voor mindervaliden (m/v)";0;"di - do - ma - vr - wo";"Alle werkdagen geopend van 08:00 tot 18:00 uur en op donderdagen tot 20:00 uur.";"Stadsloket";"28878-170307-stadsloket-stadsdeel-zuid_an-0002.jpg";"TOEGANG";"POINT(4.8938627,52.3404487)";"POINT(52.3404487,4.8938627)";4.8938627;52.3404487;
314;"Openbaar toilet, toegankelijk voor mindervaliden (m/v)";0;"di - do - ma - vr - wo";"Alle werkdagen geopend van 08:00 tot 18:00 uur en op donderdagen tot 20:00 uur.";"Stadsloket";"24882-stadsloket_west_01_23aug2016_e_v_eis.jpg";"TOEGANG";"POINT(4.8451956,52.3781553)";"POINT(52.3781553,4.8451956)";4.8451956;52.3781553;
315;"Openbaar toilet, toegankelijk voor mindervaliden (m/v)";0;"di - do - ma - vr - wo";"Alle werkdagen geopend van 08:00 tot 18:00 uur en op donderdagen tot 20:00 uur.";"Stadsloket";"2048x1152.jpg";"TOEGANG";"POINT(4.8066214,52.3577338)";"POINT(52.3577338,4.8066214)";4.8066214;52.3577338;
316;"Openbaar toilet, toegankelijk voor mindervaliden (m/v)";0;"";"Alle werkdagen geopend van 08:00 tot 18:00 uur en op donderdagen tot 20:00 uur.";"Stadskantoor";"24813-10_stadsloket-zo_16aug2016_e_v_eis1.jpg";"TOEGANG";"POINT(4.9565118,52.3161746)";"POINT(52.3161746,4.9565118)";4.9565118;52.3161746;
317;"Openbaar toilet (m/v)";0;"di - do - ma - vr - wo - za - zo";"Tijdelijk niet alleen op uitgaansavonden, maar ook overdag beschikbaar vanwege coronamaatregelen";"";"PaleisstraatAchterkantDAm.jpg";"OPENBAAR";"POINT(4.8908504,52.3727348)";"POINT(52.3727348,4.8908504)";4.8908504;52.3727348;
319;"Openbaar toilet (m/v)";0;"";"openingstijden van de kinderboerderij gesloten van november - januari februari - maart: 10 -17 uur april - oktober: 10 -18 uur alle dagen open tijdens de schoolvakanties";"";"";"OPENBAAR";"POINT(4.8953087,52.3332851)";"POINT(52.3332851,4.8953087)";4.8953087;52.3332851;
320;"Openbaar toilet (m/v)";0;"";"";"";"";"OPENBAAR";"POINT(4.8933803,52.3294956)";"POINT(52.3294956,4.8933803)";4.8933803;52.3294956;
321;"Gewenst toilet";0;"";"";"vast toilet MVG";"";"GEWENST";"POINT(4.8916476,52.3582183)";"POINT(52.3582183,4.8916476)";4.8916476;52.3582183;
322;"Gewenst toilet";0;"";"";"MVG";"";"GEWENST";"POINT(4.8996682,52.3580271)";"POINT(52.3580271,4.8996682)";4.8996682;52.3580271;
323;"Gewenst toilet";0;"";"";"seizoens (zomermaanden) toiletvoorziening MVG";"";"GEWENST";"POINT(4.8754858,52.3287147)";"POINT(52.3287147,4.8754858)";4.8754858;52.3287147;
324;"Gewenst toilet";0;"";"";"Vaste MVG seizoensgebonden (zomermaanden) MVG";"";"GEWENST";"POINT(4.8936053,52.3244573)";"POINT(52.3244573,4.8936053)";4.8936053;52.3244573;
325;"Seizoen (m/v)";0;"";"";"seizoenstoilet";"";"SEIZOEN";"POINT(4.9337481,52.377319)";"POINT(52.377319,4.9337481)";4.9337481;52.377319;
326;"Gewenst toilet";0;"";"";"seizoens(zomermaanden) MGV toilet";"";"GEWENST";"POINT(4.9156525,52.3400546)";"POINT(52.3400546,4.9156525)";4.9156525;52.3400546;
327;"Gewenst toilet";0;"";"";"vaste MVG";"";"GEWENST";"POINT(4.9304302,52.3521919)";"POINT(52.3521919,4.9304302)";4.9304302;52.3521919;
328;"Gewenst toilet";0;"";"";"MVG toilet";"";"GEWENST";"POINT(4.9334718,52.3511565)";"POINT(52.3511565,4.9334718)";4.9334718;52.3511565;
329;"Gewenst toilet";0;"";"MVG toilet";"";"";"GEWENST";"POINT(4.9488187,52.3626226)";"POINT(52.3626226,4.9488187)";4.9488187;52.3626226;
330;"Gewenst toilet";0;"";"";"MVG of seizoens ";"";"GEWENST";"POINT(4.9212195,52.3615747)";"POINT(52.3615747,4.9212195)";4.9212195;52.3615747;
331;"Gewenst toilet";0;"";"";"seizoenstoilet";"";"GEWENST";"POINT(4.9120874,52.3499717)";"POINT(52.3499717,4.9120874)";4.9120874;52.3499717;
332;"Gewenst toilet";0;"";"";"seizoens(zomer)";"";"GEWENST";"POINT(4.9860804,52.3543913)";"POINT(52.3543913,4.9860804)";4.9860804;52.3543913;
333;"Gewenst toilet";0;"";"";"wachtende reizigers Flix Bus";"";"GEWENST";"POINT(4.8385182,52.389529)";"POINT(52.389529,4.8385182)";4.8385182;52.389529;
334;"Gewenst toilet";0;"";"";"MVG vasttoilet";"";"GEWENST";"POINT(4.7990103,52.3556561)";"POINT(52.3556561,4.7990103)";4.7990103;52.3556561;
335;"Gewenst toilet";0;"";"";"alleen bij evenementen ";"";"GEWENST";"POINT(4.9442056,52.3126901)";"POINT(52.3126901,4.9442056)";4.9442056;52.3126901;
336;"Gewenst toilet";0;"";"";"alleen bij evenementen ";"";"GEWENST";"POINT(4.9424675,52.3154186)";"POINT(52.3154186,4.9424675)";4.9424675;52.3154186;
337;"Gewenst toilet";0;"";"";"alleen bij evenementen ";"";"GEWENST";"POINT(4.940944,52.3130902)";"POINT(52.3130902,4.940944)";4.940944;52.3130902;
338;"Gewenst toilet";0;"";"";"alleen bij evenementen ";"";"GEWENST";"POINT(4.9428001,52.3132804)";"POINT(52.3132804,4.9428001)";4.9428001;52.3132804;
339;"Gewenst toilet";0;"";"";"alleen bij evenementen ";"";"GEWENST";"POINT(4.9390772,52.3146447)";"POINT(52.3146447,4.9390772)";4.9390772;52.3146447;
340;"Gewenst toilet";0;"";"";"MVG, in combi met metro station";"";"GEWENST";"POINT(4.9594337,52.2981125)";"POINT(52.2981125,4.9594337)";4.9594337;52.2981125;
341;"Gewenst toilet";0;"";"";"vast MVG in combi metrostation";"";"GEWENST";"POINT(4.9892454,52.2960515)";"POINT(52.2960515,4.9892454)";4.9892454;52.2960515;
342;"Gewenst toilet";0;"";"";"vast MVG";"";"GEWENST";"POINT(4.9838282,52.3114529)";"POINT(52.3114529,4.9838282)";4.9838282;52.3114529;
343;"Gewenst toilet";0;"";"";"vast MVG";"";"GEWENST";"POINT(4.9940527,52.3090094)";"POINT(52.3090094,4.9940527)";4.9940527;52.3090094;
346;"Gewenst toilet";0;"";"";"Vast MVG";"";"GEWENST";"POINT(4.9699123,52.3220397)";"POINT(52.3220397,4.9699123)";4.9699123;52.3220397;
347;"Gewenst toilet";0;"";"";"urilift";"";"GEWENST";"POINT(4.8932145,52.3757506)";"POINT(52.3757506,4.8932145)";4.8932145;52.3757506;
348;"Gewenst toilet";0;"";"";"vast MVG";"";"GEWENST";"POINT(4.89321,52.3720475)";"POINT(52.3720475,4.89321)";4.89321;52.3720475;
349;"Gewenst toilet";0;"";"";"vast toilet MVG";"";"GEWENST";"POINT(4.9080954,52.361644)";"POINT(52.361644,4.9080954)";4.9080954;52.361644;
350;"Gewenst toilet";0;"";"";"MVG";"";"GEWENST";"POINT(4.8990241,52.3765623)";"POINT(52.3765623,4.8990241)";4.8990241;52.3765623;
351;"Gewenst toilet";0;"";"";"MVG";"";"GEWENST";"POINT(4.8971778,52.3754679)";"POINT(52.3754679,4.8971778)";4.8971778;52.3754679;
352;"Gewenst toilet";0;"";"";"vaste MVG";"";"GEWENST";"POINT(4.8967202,52.372717)";"POINT(52.372717,4.8967202)";4.8967202;52.372717;
353;"Gewenst toilet";0;"";"";"MVG";"";"GEWENST";"POINT(4.8958402,52.3718686)";"POINT(52.3718686,4.8958402)";4.8958402;52.3718686;
354;"Gewenst toilet";0;"";"";"MVG";"";"GEWENST";"POINT(4.8957865,52.3718031)";"POINT(52.3718031,4.8957865)";4.8957865;52.3718031;
355;"Gewenst toilet";0;"";"";"MVG";"";"GEWENST";"POINT(4.9000325,52.3726756)";"POINT(52.3726756,4.9000325)";4.9000325;52.3726756;
356;"Gewenst toilet";0;"";"";"greenpee";"";"GEWENST";"POINT(4.8961232,52.3746274)";"POINT(52.3746274,4.8961232)";4.8961232;52.3746274;
357;"Onzeker";0;"";"";"Greenpee";"";"ONZEKER";"POINT(4.895194,52.3732358)";"POINT(52.3732358,4.895194)";4.895194;52.3732358;
358;"Gewenst toilet";0;"";"";"MVG";"";"GEWENST";"POINT(4.9010647,52.3742488)";"POINT(52.3742488,4.9010647)";4.9010647;52.3742488;
359;"Gewenst toilet";0;"";"";"greenpee";"";"GEWENST";"POINT(4.897085,52.3737709)";"POINT(52.3737709,4.897085)";4.897085;52.3737709;
360;"Gewenst toilet";0;"";"";"greenpee";"";"GEWENST";"POINT(4.8980951,52.3716461)";"POINT(52.3716461,4.8980951)";4.8980951;52.3716461;
361;"Gewenst toilet";0;"";"";"greenpee";"";"GEWENST";"POINT(4.9002103,52.3753186)";"POINT(52.3753186,4.9002103)";4.9002103;52.3753186;
362;"Gewenst toilet";0;"";"";"MVG";"";"GEWENST";"POINT(4.9364441,52.3236132)";"POINT(52.3236132,4.9364441)";4.9364441;52.3236132;
364;"Onzeker";0;"";"";"mvg";"";"ONZEKER";"POINT(4.9109391,52.340439)";"POINT(52.340439,4.9109391)";4.9109391;52.340439;
365;"Gewenst toilet";0;"";"";"vaste MVG";"";"GEWENST";"POINT(4.8841641,52.3431376)";"POINT(52.3431376,4.8841641)";4.8841641;52.3431376;
366;"Gewenst toilet";0;"";"";"beter oplossing voor bezoekers";"";"GEWENST";"POINT(4.8504175,52.3442333)";"POINT(52.3442333,4.8504175)";4.8504175;52.3442333;
367;"Gewenst toilet";0;"";"";"brug wordt als openbaar toiletgebruikt. vaste MVG";"";"GEWENST";"POINT(4.8763367,52.3448346)";"POINT(52.3448346,4.8763367)";4.8763367;52.3448346;
368;"Gewenst toilet";0;"";"";"vaste MVG";"";"GEWENST";"POINT(4.8808441,52.3576401)";"POINT(52.3576401,4.8808441)";4.8808441;52.3576401;
369;"Gewenst toilet";0;"";"";"";"";"GEWENST";"POINT(4.8860241,52.3833224)";"POINT(52.3833224,4.8860241)";4.8860241;52.3833224;
371;"Gewenst toilet";0;"";"";"greenpee";"";"GEWENST";"POINT(4.8951356,52.373858)";"POINT(52.373858,4.8951356)";4.8951356;52.373858;
372;"Gewenst toilet";0;"";"";"greenpee";"";"GEWENST";"POINT(4.8952719,52.3731607)";"POINT(52.3731607,4.8952719)";4.8952719;52.3731607;
373;"Gewenst toilet";0;"";"";"urinoir of vast toilet ";"";"GEWENST";"POINT(4.9146174,52.3562338)";"POINT(52.3562338,4.9146174)";4.9146174;52.3562338;
374;"Onzeker";0;"";"";"Er zou hier een urinoir zijn";"";"ONZEKER";"POINT(4.8890354,52.3687475)";"POINT(52.3687475,4.8890354)";4.8890354;52.3687475;
375;"Gewenst toilet";0;"di";"";"urinoir of krul";"";"GEWENST";"POINT(4.9791424,52.3167773)";"POINT(52.3167773,4.9791424)";4.9791424;52.3167773;
376;"Openbaar toilet (m/v)";0;"";"8.00 uur tot een half uur vóór zonsondergang. ";"MV toiletgebouw";"Amstelpark.JPG";"OPENBAAR";"POINT(4.8920762,52.3324316)";"POINT(52.3324316,4.8920762)";4.8920762;52.3324316;
377;"Amsterdamse krul (m), verdwenen";0;"di - do - ma - vr - wo - za - zo";"";"";"";"VERDWENEN";"POINT(4.9791746,52.3167773)";"POINT(52.3167773,4.9791746)";4.9791746;52.3167773;
378;"Overig urinoir (m)";0;"do - vr - za - zo";"alleen tijdens nachtelijke uren";"Green Pee, urinor met groene uitstraling met planten.";"";"OVERIG";"POINT(4.8949178,52.3659519)";"POINT(52.3659519,4.8949178)";4.8949178;52.3659519;
379;"Overig urinoir (m)";0;"do - vr - za - zo";"alleen tijdens de nachtelijke uren";"Green Pee, urinor met groene uitstraling met planten.";"";"OVERIG";"POINT(4.8948668,52.366024)";"POINT(52.366024,4.8948668)";4.8948668;52.366024;
380;"Gewenst toilet";0;"";"";"Toilet gewenst vanuit SD West, vaste voorziening + extra tijdens zomerseizoen";"";"GEWENST";"POINT(4.8704418,52.3865989)";"POINT(52.3865989,4.8704418)";4.8704418;52.3865989;
381;"Gewenst toilet";0;"";"";"Gewenst MVG toilet park de Oeverlanden";"";"GEWENST";"POINT(4.8210361,52.3358026)";"POINT(52.3358026,4.8210361)";4.8210361;52.3358026;
382;"Gewenst toilet";0;"";"";"Skatepark Olympiaplein";"";"GEWENST";"POINT(4.866786,52.3469147)";"POINT(52.3469147,4.866786)";4.866786;52.3469147;
383;"Gewenst toilet";0;"";"";"MVG in voorbereiding";"";"GEWENST";"POINT(4.8866789,52.3792214)";"POINT(52.3792214,4.8866789)";4.8866789;52.3792214;
384;"Amsterdamse krul (m)";0;"di - do - ma - vr - wo - za - zo";"";"";"Plaskrul Gaapserpark.jpg";"KRUL";"POINT(4.9850632,52.3106599)";"POINT(52.3106599,4.9850632)";4.9850632;52.3106599;
385;"Openbaar toilet, toegankelijk voor mindervaliden (m/v)";0;"di - do - ma - vr - wo - za - zo";"";"Tijdelijk rolstoeltoegankelijk toilet";"Westerpark MVG tijdelijk.jpg";"TOEGANG";"POINT(4.8752199,52.3872886)";"POINT(52.3872886,4.8752199)";4.8752199;52.3872886;
386;"Seizoen (m/v)";0;"di - do - ma - vr - wo - za - zo";"";"Tijdelijk toilet (M/V toilet + urinoir) Rolstoeltoegankelijk  ";"";"SEIZOEN";"POINT(4.875346,52.3872788)";"POINT(52.3872788,4.875346)";4.875346;52.3872788;
387;"Seizoen (m/v)";0;"di - do - ma - vr - wo - za - zo";"";"Tijdelijk toilet (M/V toilet + urinoir)";"";"SEIZOEN";"POINT(4.8754633,52.3872763)";"POINT(52.3872763,4.8754633)";4.8754633;52.3872763;
388;"Seizoen (m/v)";0;"";"";"";"";"SEIZOEN";"POINT(4.8692322,52.358046)";"POINT(52.358046,4.8692322)";4.8692322;52.358046;
389;"Seizoen (m/v)";0;"";"";"";"";"SEIZOEN";"POINT(4.8671186,52.3581967)";"POINT(52.3581967,4.8671186)";4.8671186;52.3581967;
390;"Seizoen (m/v)";0;"";"";"";"";"SEIZOEN";"POINT(4.8582244,52.3549214)";"POINT(52.3549214,4.8582244)";4.8582244;52.3549214;
391;"Seizoen (m/v)";0;"";"";"";"";"SEIZOEN";"POINT(4.9337938,52.3773933)";"POINT(52.3773933,4.9337938)";4.9337938;52.3773933;
392;"Seizoen (m/v)";0;"";"";"";"";"SEIZOEN";"POINT(4.9337697,52.3773737)";"POINT(52.3773737,4.9337697)";4.9337697;52.3773737;
393;"Seizoen (m/v)";0;"";"";"";"";"SEIZOEN";"POINT(4.9162185,52.3400519)";"POINT(52.3400519,4.9162185)";4.9162185;52.3400519;
394;"Seizoen (m/v)";0;"";"";"";"";"SEIZOEN";"POINT(4.9163527,52.3401076)";"POINT(52.3401076,4.9163527)";4.9163527;52.3401076;
395;"Seizoen (m/v)";0;"";"";"";"";"SEIZOEN";"POINT(4.9165136,52.3401666)";"POINT(52.3401666,4.9165136)";4.9165136;52.3401666;
396;"Seizoen (m/v)";0;"";"";"";"";"SEIZOEN";"POINT(4.9164251,52.3401322)";"POINT(52.3401322,4.9164251)";4.9164251;52.3401322;
397;"Seizoen (m/v)";0;"";"";"";"";"SEIZOEN";"POINT(4.9120394,52.3499562)";"POINT(52.3499562,4.9120394)";4.9120394;52.3499562;
398;"Seizoen (m/v)";0;"";"";"";"";"SEIZOEN";"POINT(4.912152,52.3497923)";"POINT(52.3497923,4.912152)";4.912152;52.3497923;
399;"Seizoen (m/v)";0;"";"";"";"";"SEIZOEN";"POINT(4.9122047,52.3496966)";"POINT(52.3496966,4.9122047)";4.9122047;52.3496966;
400;"Seizoen (m/v)";0;"";"";"";"";"SEIZOEN";"POINT(4.9121404,52.3498604)";"POINT(52.3498604,4.9121404)";4.9121404;52.3498604;
401;"Seizoen (m/v)";0;"";"";"";"";"SEIZOEN";"POINT(4.8238065,52.3717156)";"POINT(52.3717156,4.8238065)";4.8238065;52.3717156;
402;"Seizoen (m/v)";0;"";"";"";"";"SEIZOEN";"POINT(4.8120025,52.3339016)";"POINT(52.3339016,4.8120025)";4.8120025;52.3339016;
403;"Seizoen (m/v)";0;"";"";"";"";"SEIZOEN";"POINT(4.8120297,52.333877)";"POINT(52.333877,4.8120297)";4.8120297;52.333877;
404;"Onzeker";0;"";"";"Seizoenstoilet (Eco Toilet), onzeker of het er  staat in zomer 2020 vanwege corona";"";"ONZEKER";"POINT(4.7767584,52.3796514)";"POINT(52.3796514,4.7767584)";4.7767584;52.3796514;
405;"Onzeker";0;"";"";"Seizoenstoilet (Eco Toilet), onzeker of het er  staat in zomer 2020 vanwege corona";"";"ONZEKER";"POINT(4.7768014,52.3795401)";"POINT(52.3795401,4.7768014)";4.7768014;52.3795401;
406;"Openbaar toilet (m/v)";0;"";"Geopend tijdens openingstijden kinderboerderij";"Toilet bij de kinderboerderij, openbaar toegankelijk, in beheer bij de gemeente.";"";"OPENBAAR";"POINT(4.8150437,52.3716071)";"POINT(52.3716071,4.8150437)";4.8150437;52.3716071;
407;"Openbaar toilet, toegankelijk voor mindervaliden (m/v)";0;"di";"";"Tijdelijk rolstoeltoegankelijk toilet";"";"TOEGANG";"POINT(4.9093335,52.3675733)";"POINT(52.3675733,4.9093335)";4.9093335;52.3675733;
409;"Openbaar toilet, toegankelijk voor mindervaliden (m/v)";0;"";"";"Tijdelijk rolstoeltoegankelijk toilet";"Beatrixpark.jpg";"TOEGANG";"POINT(4.8790709,52.3417525)";"POINT(52.3417525,4.8790709)";4.8790709;52.3417525;
410;"Seizoen (m/v)";0;"";"";"";"";"SEIZOEN";"POINT(4.881282,52.343228)";"POINT(52.343228,4.881282)";4.881282;52.343228;
411;"Openbaar toilet, toegankelijk voor mindervaliden (m/v)";0;"";"";"Tijdelijk rolstoeltoegankelijk toilet";"Sloterstrand.jpg";"TOEGANG";"POINT(4.8219617,52.3723587)";"POINT(52.3723587,4.8219617)";4.8219617;52.3723587;
412;"Seizoen (m/v)";0;"";"";"";"";"SEIZOEN";"POINT(4.8102673,52.3671444)";"POINT(52.3671444,4.8102673)";4.8102673;52.3671444;
413;"Seizoen (m/v)";0;"";"";"";"";"SEIZOEN";"POINT(4.8481322,52.3684165)";"POINT(52.3684165,4.8481322)";4.8481322;52.3684165;
414;"Openbaar toilet, toegankelijk voor mindervaliden (m/v)";0;"";"";"Tijdelijk rolstoeltoegankelijk toilet";"Rembrandtpark.jpg";"TOEGANG";"POINT(4.8477889,52.3649444)";"POINT(52.3649444,4.8477889)";4.8477889;52.3649444;
415;"Openbaar toilet, toegankelijk voor mindervaliden (m/v)";0;"";"";"Tijdelijk rolstoeltoegankelijk toilet";"Erasmuspark.jpg";"TOEGANG";"POINT(4.8523472,52.3740599)";"POINT(52.3740599,4.8523472)";4.8523472;52.3740599;
416;"Openbaar toilet, toegankelijk voor mindervaliden (m/v)";0;"";"";"Tijdelijk rolstoeltoegankelijk toilet";"Flevopark.jpg";"TOEGANG";"POINT(4.950016,52.3603119)";"POINT(52.3603119,4.950016)";4.950016;52.3603119;
417;"Seizoen (m/v)";0;"";"";"";"";"SEIZOEN";"POINT(4.9504135,52.3630482)";"POINT(52.3630482,4.9504135)";4.9504135;52.3630482;
418;"Seizoen (m/v)";0;"";"";"";"";"SEIZOEN";"POINT(4.9208783,52.3594314)";"POINT(52.3594314,4.9208783)";4.9208783;52.3594314;
419;"Openbaar toilet, toegankelijk voor mindervaliden (m/v)";0;"";"";"Tijdelijk rolstoeltoegankelijk toilet";"Oosterpark.jpg";"TOEGANG";"POINT(4.9204759,52.3617279)";"POINT(52.3617279,4.9204759)";4.9204759;52.3617279;
420;"Openbaar toilet, toegankelijk voor mindervaliden (m/v)";0;"";"";"Tijdelijk rolstoeltoegankelijk toilet";"";"TOEGANG";"POINT(4.9785348,52.303735)";"POINT(52.303735,4.9785348)";4.9785348;52.303735;
421;"Seizoen (m/v)";0;"";"";"";"";"SEIZOEN";"POINT(4.9877472,52.3087494)";"POINT(52.3087494,4.9877472)";4.9877472;52.3087494;
422;"Openbaar toilet, toegankelijk voor mindervaliden (m/v)";0;"";"";"Tijdelijk rolstoeltoegankelijk toilet";"";"TOEGANG";"POINT(4.9617684,52.3155509)";"POINT(52.3155509,4.9617684)";4.9617684;52.3155509;
423;"Seizoen (m/v)";0;"";"";"";"";"SEIZOEN";"POINT(4.9620474,52.3107628)";"POINT(52.3107628,4.9620474)";4.9620474;52.3107628;
424;"Seizoen (m/v)";0;"";"";"";"";"SEIZOEN";"POINT(4.921352,52.3962084)";"POINT(52.3962084,4.921352)";4.921352;52.3962084;
426;"Openbaar toilet, toegankelijk voor mindervaliden (m/v)";0;"";"";"Tijdelijk rolstoeltoegankelijk toilet";"Noorderpark.png";"TOEGANG";"POINT(4.9239775,52.3911474)";"POINT(52.3911474,4.9239775)";4.9239775;52.3911474;
427;"Openbaar toilet, toegankelijk voor mindervaliden (m/v)";0;"di - do - ma - vr - wo - za - zo";"Maandag t/m vrijdag: 9:00 - 17:00 Zaterdag en zondag: 12:00 - 17:00";"Stadsarchief de Bazel";"";"TOEGANG";"POINT(4.8922497,52.3645568)";"POINT(52.3645568,4.8922497)";4.8922497;52.3645568;
428;"Openbaar toilet, toegankelijk voor mindervaliden (m/v)";0;"di - do - ma - vr - wo";"Maandag t/m donderdag 9:00 - 18:00 Vrijdag 09:00 - 18:00";"GGD Amsterdam";"";"TOEGANG";"POINT(4.9085199,52.3624259)";"POINT(52.3624259,4.9085199)";4.9085199;52.3624259;

